club_id,group_number,club_name,primary_language,city,zipcode,province,country
1,100,LA PILERIE,French,MOMIGNIES,6590.0,Hainaut,BELGIQUE
2,101,BAM,French,BASTOGNE,6600.0,Luxembourg,BELGIQUE
3,102,LES DAHUTS - ANDAGE,French,SAINT-HUBERT,6870.0,Luxembourg,BELGIQUE
4,103,LES TUNIQUES BLEUES,French,NIVELLES,1400.0,Brabant Wallon,BELGIQUE
5,104,EVASION,French,HOUDENG GOEGNIES,7110.0,Hainaut,BELGIQUE
6,105,LES AUBEPINES,French,CEREXHE-HEUSEUX,4632.0,Liège,BELGIQUE
7,107,S.J.N. CLUB,French,BRUXELLES,1030.0,Brussel/Bruxelles,BELGIQUE
8,109,LES CARACOLES,French,NAMUR,5000.0,Namur,BELGIQUE
9,110,LES QUILLES LIBRES,French,ARLON,6700.0,Luxembourg,BELGIQUE
10,111,LA CLAIRIÈRE,French,BRUXELLES,1170.0,Brussel/Bruxelles,BELGIQUE
11,112,RJCV SPORT,French,Malonne,5020.0,Namur,BELGIQUE
12,113,CLERLANDE SPORT,French,Ottignies,1340.0,Brabant Wallon,Belgique
13,115,LES OURSONS,French,BONNEVILLE,5300.0,Namur,BELGIQUE
14,116,LES COPAINS,French,BRUXELLES,1083.0,Brussel/Bruxelles,BELGIQUE
15,118,LES GRINGOS,French,SUGNY,5550.0,Namur,BELGIQUE
16,119,METHYS,French,LIEGE,4000.0,Liège,BELGIQUE
17,120,L'EFFORT,French,LIEGE,4000.0,Liège,BELGIQUE
18,121,L'ENVOL,French,MOUSCRON,7700.0,Hainaut,BELGIQUE
19,122,LA FORESTIERE,French,BRUXELLES,1050.0,Brussel/Bruxelles,BELGIQUE
20,123,LA CLARINE,French,FAYT-LEZ-MANAGE,7170.0,Hainaut,BELGIQUE
21,124,JENNEVAUX RENCONTRE,French,LESVE,5170.0,Namur,BELGIQUE
22,125,LES KOLOUTES,French,GREZ-DOICEAU,1390.0,Brabant Wallon,BELGIQUE
23,126,SPORT DE L'AMITIE,French,MONT-SAINT-GUIBERT,,Brabant Wallon,BELGIQUE
24,127,PÉRUWELZ RAINBOW SPORTS,French,TOURNAI,7520.0,Hainaut,BELGIQUE
25,128,LES HAUTES ARDENNES,French,VIELSALM,6690.0,Luxembourg,BELGIQUE
26,129,C.S. DE HEMPTINNE,French,JAUCHE,1350.0,Brabant Wallon,BELGIQUE
27,131,LES ACACIAS,French,Nivelles,1400.0,Brabant Wallon,BELGIQUE
28,132,LA CORDEE SPORTS,French,BOUGE,5004.0,Namur,BELGIQUE
29,133,LES 1001 NUITS,French,GREZ-DOICEAU,1390.0,Brabant Wallon,BELGIQUE
30,134,CENTRE CERFONTAINE,French,PERUWELZ,7600.0,Hainaut,BELGIQUE
31,135,LE CASTILLON,French,LA LOUVIÈRE,7100.0,Hainaut,BELGIQUE
32,137,MOSPO,French,HERSEAUX,7712.0,Hainaut,BELGIQUE
33,138,OKAPI SPORT,French,CASTEAU,7061.0,Hainaut,BELGIQUE
34,139,CLAIRVAL SPORT ACIS,French,BARVAUX,6940.0,Luxembourg,BELGIQUE
35,140,LE SESAME,French,BRUXELLES,1180.0,Brussel/Bruxelles,BELGIQUE
36,142,FARRA STRATEGIE,French,Auderghem,1160.0,Brussel/Bruxelles,BELGIQUE
37,143,LE CHAT BOTTÉ,French,LA LOUVIÈRE,7100.0,Hainaut,BELGIQUE
38,144,LES PLATANES,French,BRUXELLES,1170.0,Brussel/Bruxelles,BELGIQUE
39,145,LE PRETEXTE,French,BRUXELLES,1180.0,Brussel/Bruxelles,BELGIQUE
40,146,LE PETIT POUCET,French,SIVRY,6470.0,Hainaut,BELGIQUE
41,147,CENTRE REINE FABIOLA,French,NEUFVILLES,7063.0,Hainaut,BELGIQUE
42,148,LES RENARDS DE VOLAIVILLE,French,FAUVILLERS,6637.0,Luxembourg,BELGIQUE
43,152,S.R.A. L'ODYSSEE,French,MONTIGNIES / S / SAMBRE,6061.0,Hainaut,BELGIQUE
44,153,L'ESPACE LIOBA,French,NAMUR,5000.0,Namur,BELGIQUE
45,154,LES BLÉS D’OR,French,MOURCOURT,7543.0,Hainaut,BELGIQUE
46,155,DELTA,French,BRUXELLES,1000.0,Brussel/Bruxelles,BELGIQUE
47,157,DOMITILLE,French,WAIMES,4950.0,Liège,BELGIQUE
48,158,SPORT ESPOIR,French,DISON  ANDRIMONT,4821.0,Liège,BELGIQUE
49,159,LES BOLETS,French,BRUXELLES,1170.0,Brussel/Bruxelles,BELGIQUE
50,160,B.S.C. OSTBELGIEN,French,RECHT,4780.0,Liège,BELGIQUE
51,161,HOME VALERE DELCROIX,French,Tournai,7500.0,Hainaut,Belgique
52,162,A.T.L.A.S.H.,French,TIHANGE,4500.0,Liège,BELGIQUE
53,163,FOYER DU FORT,French,Flemalle,4400.0,Liège,BELGIQUE
54,164,ARBOTEAM,French,WASMES A-B,7604.0,Hainaut,BELGIQUE
55,165,LE COLOMBIER,French,NIVELLES,1400.0,Brabant Wallon,BELGIQUE
56,166,LES GOELANDS,French,AUBECHIES,7972.0,Hainaut,BELGIQUE
57,168,VRAIES RICHESSES,French,BRUXELLES,1070.0,Brussel/Bruxelles,BELGIQUE
58,169,CERISAIE SPORT,French,BASSENGE,4690.0,Liège,BELGIQUE
59,173,ALBATROS,French,PETITE-CHAPELLE,5660.0,Namur,BELGIQUE
60,174,ALTEO MOUSCRON,French,MOUSCRON,7700.0,Hainaut,BELGIQUE
61,176,OLDS BRACQS,French,STREPY-BRACQUEGNIES,7110.0,Hainaut,BELGIQUE
62,177,"CERCLE SPORTIF ""LA SEVE""",French,XHENDELESSE,4652.0,Liège,BELGIQUE
63,178,LE JARDIN DES FÉES,French,Mons,7000.0,Hainaut,BELGIQUE
64,179,EQUI - VALENCE,French,RANCE,6470.0,Hainaut,BELGIQUE
65,180,PONY-CLUB HOF TE BEVER ASBL,French,MIGNAULT,7070.0,,BELGIQUE
66,181,LA POMMERAIE,French,ELLIGNIES-STE-ANNE,7972.0,Hainaut,BELGIQUE
67,182,LES CANAILLES,French,MOMALLE,4350.0,Liège,BELGIQUE
68,183,LE BOIS ROUSSEL,French,MONTIGNY-LE-TILLEUL,6110.0,Hainaut,BELGIQUE
69,184,OXYGENE,French,SCLAYN,5300.0,Namur,BELGIQUE
70,186,SIROCCO,French,HAUT-ITTRE,1461.0,Brabant Wallon,BELGIQUE
71,187,AU PETIT BONHEUR,French,Grâce-Hollogne,4460.0,Liège,BELGIQUE
72,189,FOYER DE THÉMIS,French,Sprimont,4141.0,Liège,BELGIQUE
73,191,LES SCORPIONS,French,WILLAUPUIS,7904.0,Hainaut,BELGIQUE
74,194,LES SPITANTS,French,AMAY,4540.0,Liège,BELGIQUE
75,195,LE KOALA,French,LIEGE,4000.0,Liège,BELGIQUE
76,196,LES OLIVIERS SPORT,French,GRIVEGNEE,4030.0,Liège,BELGIQUE
77,197,L'ESCAPADE,French,HOUDENG-AIMERIES,7110.0,Hainaut,BELGIQUE
78,198,LE CHEVREFEUIL,French,SPA,4900.0,Liège,BELGIQUE
79,203,FUN GYM B/ DANS LES YEUX DE LISA,French,Nivelles,1400.0,Brabant Wallon,Belgique
80,204,C.S. KANGOUROUS,French,JODOIGNE,1370.0,Brabant Wallon,BELGIQUE
81,205,ASCENSION 2,French,POMMEROEUL,7322.0,Hainaut,
82,206,LA SOURIS VERTE,French,MONS,7000.0,Hainaut,
83,207,LES GRILLONS,French,VAUX-SOUS-CHEVREMONT,4051.0,Liège,BELGIQUE
84,209,HAMA II,French,BRUXELLES,1050.0,Brussel/Bruxelles,BELGIQUE
85,210,A.S. AURORE,French,ANDERLUES,6150.0,Hainaut,BELGIQUE
86,211,LES BARRACUDAS,French,RUMES,7610.0,Hainaut,BELGIQUE
87,213,LA PASSERELLE,French,BRUXELLES,1170.0,Brussel/Bruxelles,BELGIQUE
88,214,L'ENVOLÉE,French,HEUSY-VERVIERS,4802.0,Liège,BELGIQUE
89,215,KEGELJAN,French,HAM-SUR-SAMBRE,5190.0,Namur,
90,217,GRAND AXHE,French,WAREMME,4300.0,Liège,
91,219,BOTHEY CLUB,French,GEMBLOUX,5032.0,Namur,
92,221,INSTITUT DU BON PASTEUR,French,BURY,7602.0,Hainaut,BELGIQUE
93,222,CENTRE DE VIE,French,BRUXELLES,1090.0,Brussel/Bruxelles,BELGIQUE
94,223,STARTEMIA,French,ETTERBEEK,1040.0,Brussel/Bruxelles,
95,224,LE GARDIAN V3,French,CHAPOIS -LEIGNON,5590.0,Namur,BELGIQUE
96,227,TOMA STENA,French,BLEGNY,4670.0,Liège,
97,229,DREAM TEAM,French,BRUXELLES,1180.0,Brussel/Bruxelles,BELGIQUE
98,231,LE MAGNOLIA,French,HAUTRAGE,7334.0,Hainaut,
99,232,ORFEA,French,ETTERBEEK,1040.0,Brussel/Bruxelles,
100,233,LES PETUNIAS,French,BRUXELLES,1050.0,Brussel/Bruxelles,BELGIQUE
101,234,CONFORT SOCIAL,French,PERUWELZ,7600.0,Hainaut,
102,235,LES FOUGERES,French,BRUXELLES,1170.0,Brussel/Bruxelles,BELGIQUE
103,236,LA MAISON D'EMERAUDE,French,ARVILLE,6870.0,Luxembourg,
104,237,EMBARQUEMENT IMMEDIAT,French,SERAING,4100.0,Liège,BELGIQUE
105,238,LE VILLAGE,French,COMINES,7780.0,Hainaut,BELGIQUE
106,241,MISTRAL SPORT,French,SAINT-GEORGES-SUR-MEUSE,4470.0,Liège,BELGIQUE
107,242,C.S. LES TCHANTCHES,French,GRIVEGNEE,4030.0,Liège,BELGIQUE
108,243,LES RENES DE LA VIE,French,LA HULPE,1310.0,Brabant Wallon,Belgium
109,245,EQUISTAL,French,BORNIVAL,1404.0,Brabant Wallon,
110,246,LE COUP FRANC,French,SART-RISBART,1315.0,Brabant Wallon,BELGIQUE
111,248,I.S.B.,French,BOITSFORT,1170.0,Brussel/Bruxelles,BELGIQUE
112,249,ROQUEBRUNE,French,NAMUR,5000.0,Namur,BELGIQUE
113,251,LES PETITS GODETS,French,CARNIERES,7141.0,Hainaut,BELGIQUE
114,252,LA FORET,French,BRUXELLES,1150.0,Brussel/Bruxelles,BELGIQUE
115,253,LES WEIGELIAS,French,BRUXELLES,1170.0,Brussel/Bruxelles,BELGIQUE
116,254,HADEP,French,BRUXELLES,1190.0,Brussel/Bruxelles,BELGIQUE
117,255,SAPI-CHAPELLE,French,CHAPELLE-LEZ-HERLAIMONT,7160.0,Hainaut,
118,256,LES QUATRE SAISONS,French,AMBLY,6953.0,Luxembourg,BELGIQUE
119,258,LES ALIZES,French,MEMBACH (BAELEN),4837.0,Liège,BELGIQUE
120,259,COLIBRIS CLUB,French,OPHAIN BOIS SEIGNEUR ISAAC,1421.0,Brabant Wallon,BELGIQUE
121,260,L'ENTRE DEUX,French,NANDRIN,4550.0,Liège,BELGIQUE
122,261,LES LAPINS BLEUS,French,ALLE S/ SEMOIS,5550.0,Namur,BELGIQUE
123,262,ENVOL (LE DIARBOIS),French,JUMET,6040.0,Hainaut,BELGIQUE
124,263,SAPI-TEAM,French,MASNUY-St-JEAN,7050.0,Hainaut,
125,267,ASBL ESSENTIEL,French,LASNE,1380.0,Brabant Wallon,
126,268,DYNAMISPORT,French,BRAINE L'ALLEUD,1420.0,Brabant Wallon,BELGIQUE
127,271,LE TOURNESOL SPORTIF,French,ESTAIMPUIS,7730.0,Hainaut,BELGIQUE
128,272,LE PETIT PRINCE DE COURCELLES,French,COURCELLES,6180.0,Hainaut,BELGIQUE
129,273,SAJA SOLIGNAC,French,HAMOIS (SCHALTIN),5364.0,Namur,BELGIQUE
130,274,TABUCHET SPORT,French,Liège,4000.0,Liège,Belgique
131,275,LA SYMPHONIE,French,SAINT-SYMPHORIEN,7030.0,Hainaut,BELGIQUE
132,279,HAMA 1,French,BRUXELLES,1030.0,Brussel/Bruxelles,BELGIQUE
133,281,RESIDENCE ÉLYSÉE,French,MONT-SAINT-AUBERT,7542.0,Hainaut,BELGIQUE
134,282,LA CASSINE,French,Flobecq,7880.0,Hainaut,BELGIQUE
135,284,L'AIR DE PAIX,French,FRAMERIES,7080.0,Hainaut,BELGIQUE
136,285,LA BASTIDE,French,NAMUR,5000.0,Namur,BELGIQUE
137,286,JUDO CLUB WELLIN ASBL,French,WELLIN,6920.0,Luxembourg,BELGIQUE
138,287,HOCKEY TOGETHER PINGOUIN NIVELLES,French,Nivelles,1400.0,Brabant Wallon,
139,288,LE JARDIN DES ANGES,French,DOUR,7370.0,HAINAUT,
140,289,NEW MOBILITY CLUB SPORTIF DE MOUSCRON,French,MOUSCRON,7700.0,Hainaut,
141,290,LOTUS D'OCQUIER,French,OCQUIER,4560.0,Liège,
142,291,LES DALTONS,French,Quevy-Le-Grand (Mons),7040.0,HAINAUT,
143,292,CARPE DIEM ASBL,French,Jambes,5100.0,Namur,
144,293,LES 3 SAPINS,French,Mignault,7070.0,Hainaut,Belgium
145,294,LA SAPINIERE DE QUAREGNON,French,Quaregnon,7390.0,Hainaut,Belgium
146,296,KANO JC TOURNAI,French,NECHIN,7730.0,Hainaut,
147,297,FOYER DU CALYDON,French,Liège,,Liège,
148,298,CERCLE ADAPTE ANDENNAIS,French,Andenne,5300.0,Namur,
149,299,A.C.I.S. SOLEIL LEVANT,French,Montignies - sur - Samble,6061.0,Hainaut,Belgique
150,300,LE CHAF ASBL,French,FARCIENNES,6240.0,Hainaut,BELGIQUE
151,302,LE GRIMOIRE,French,TRANSINNE,6890.0,Luxembourg,BELGIQUE
152,303,LES 3 FÉES,French,SPA,4900.0,Liège,BELGIQUE
153,304,LES DRAGONS,French,GHLIN,7011.0,Hainaut,BELGIQUE
154,306,MAISON DES PILIFS,French,BRUXELLES,1120.0,Brussel/Bruxelles,
155,307,JOSO ASBL,French,IXELLES,1050.0,Brussel/Bruxelles,
156,308,LA CARAVELLE,French,Peronnes - Lez - Antoing,7640.0,Hainaut,Belgique
157,309,LA RENAISSANCE,French,Mons,7000.0,Hainaut,Belgique
158,310,VISÉ - CENTRE DE CERFONTAINE,French,HACCOURT,4684.0,Liège,
159,311,CHEVAL ET FORET,French,Auderghem,1160.0,Brussel/Bruxelles,Belgique
160,312,FAGN' HANDISPORTS ASBL,French,Spa,4900.0,Liège,Belgique
161,314,LIFE BADMINTON LE ROEULX,French,Le Roeulx,7070.0,Hainaut,
162,315,ECOLE NOS PILIFS,French,Laeken,1020.0,Brussel/Bruxelles,Belgique
163,316,LA CADOLE ASBL,French,Bonsecours,7603.0,Hainaut,Belgique
164,317,CTM - CAROLO TEAM MARCINELLE,French,Marcinelle,6001.0,Hainaut,Belgique
165,318,L'ECHALIER,French,Cerexhe - Heuseux,4632.0,Liège,Belgique
166,319,ASBL L'ETOILE FILANTE,French,Péruwelz,7600.0,Hainaut,Belgium
167,321,ACBBH,French,Blaton,7321.0,Hainaut,Belgique
168,322,ACBB,French,Blaton,7321.0,Hainaut,Belgium
169,323,LA GARENNE,French,Wiers - Péruwelz,7608.0,Hainaut,Belgium
170,324,LES VELDEMANNEKES,French,BRUSSEL,1140.0,Brussel/Bruxelles,BELGIË
171,325,ALL STARS,French,Strambruges,7973.0,Hainaut,Belgique
172,326,LE PART'AGE,French,Estaimpuis,7730.0,Hainaut,Belgique
173,327,LE PAYS DE COCAGNE,French,Mons,7000.0,Hainaut,Belgique
174,328,16 ÂMES,French,ORCQ,7501.0,Hainaut,Belgique
175,329,L'ACCUEIL MOSAN ASBL,French,Namur,5000.0,Namur,Belgium
176,330,LA BOULAIE,French,Chimay,6460.0,Hainaut,Belgique
177,331,SAPI BL'A,French,Braine L'Alleud,1420.0,Babant Wallon,Belgique
178,332,B.C. CLERFAYT,French,Hainaut,,Wallonie,Belgique
179,333,EESSCF - LES PEUPLIERS,French,Marloie,6900.0,Luxembourg,Luxembourg
180,334,LE NIDVELLES° (LE COLOMBIER 2),French,Nivelles,1400.0,Brabant-Wallon,Belgium
181,335,ASCENSION ERQUELINNES,French,Erquelinnes,6560.0,Hainaut,Belgium
182,336,LONCIN AU PETIT BONHEUR,French,LONCIN,4431.0,Liège,Belgium
183,338,C GO GYM,French,Mouscron,7700.0,Hainaut,Belgique
184,339,CIGALINE,French,Merbes-Le-Château,6567.0,Hainaut,Belgique
185,340,WOLFHANDI RACLO,French,La Louvière,7100.0,Hainaut,Belgique
186,341,JUDO TOP NIVEAU TOURNAI,French,Tournai,7500.0,Hainaut,Belgium
187,342,AU FOYER DE CASSIOPEE,French,STOUMONT,4987.0,Liège,Belgique
188,343,HOCKEY TOGETHER,French,Uccle,1180.0,Bruxelles,Belgique
189,344,RESIDENCE CHATEAU ARC-EN-CIEL,French,Strepy Bracquegnies,7110.0,Hainaut,Belgique
190,345,ASBL LES PASSEREAUX,French,Battice,4650.0,Liège,Belgium
191,346,TAGO ASBL,French,Neder-Over-Heembeek,1120.0,Bruxelles,Belgique
192,347,TIFRA HENSIES,French,Hensies,7350.0,Hainaut,Belgique
193,348,NOKTO,French,Neder-Over-Hembeek,1120.0,Bruxelles,Belgium
194,349,LE BOIS DE SAPINS,French,Saint-Josse Ten-Noode,1210.0,Bruxelles,Belgique
195,350,LES LEUPS,French,GRÂCE-HOLLOGNE,4460.0,Liège,Belgique
196,351,LES MARSOUX,French,MARCINELLE,6001.0,Hainaut,belgique
197,352,LA PREVOTE,French,Baudour,7331.0,Hainaut,Belgique
198,353,MALMEDY ATHLETIC CLUB,French,Malmedy,4960.0,Liège,Belgique
199,354,LE SEQUOIA,French,Hyon,7022.0,Hainaut,Belgique
200,355,VILLA PILIFS,French,Neder-Over-Heembeek,1120.0,Bruxelles,Belgique
201,356,REVALITY SPORT ASBL,French,Ottignies-Louvain-La-Neuve,1340.0,Brabant Wallon,Belgique
202,357,FOOT'GERES,French,Colfontaine,7340.0,Hainaut,Belgique
203,358,DOMAINE DE LA PASSERELLE,French,Liège,4420.0,,Belgique
204,359,ÉTOILE MARCHOISE,French,Marche-en-Famenne,6900.0,Luxembourg,Belgique
205,360,FOYER D'ASTREE,French,Liège,4031.0,,Belgium
206,361,LES CHANTERELLES,French,Esneux,4130.0,Liège,Belgique
207,362,RÉSIDENCE TIFRA,French,Jurbise,7050.0,Hainaut,Belgique
208,500,LOMMELSE TENNIS CLUB,Dutch,LOMMEL,3920.0,Limburg,
209,501,ZONNELIED,Dutch,ROOSDAAL,1761.0,Vlaams Brabant,BELGIË
210,502,BORGERSTEIN,Dutch,SINT-KATELIJNE-WAVER,2860.0,Antwerpen,BELGIË
211,504,DE GRAAF,Dutch,Genk,3600.0,,BELGIË
212,505,OPEN KANS,Dutch,GENK,3600.0,Limburg,BELGIË
213,506,G-BLACK DEVILS UNITED,Dutch,Jabbeke,8490.0,West-Vlaanderen,België
214,507,DRAPI,Dutch,DE PINTE,9840.0,Oost-Vlaanderen,BELGIË
215,508,SPORTCLUB DRUIVENSTREEK,Dutch,Duisburg,3080.0,Vlaams Brabant,BELGIË
216,509,FRISA,Dutch,ROOSDAAL,1760.0,Vlaams Brabant,BELGIË
217,510,JC KUMIUCHI BERLARE,Dutch,Berlare,9290.0,Oost Vlaanderen,BELGIE
218,511,TER MUIDEN VZW,Dutch,Oedelem,8730.0,West-Vlaanderen,Belgie
219,512,HET GIELSBOS,Dutch,GIERLE,2275.0,Antwerpen,BELGIË
220,513,RECREAS DAMESVOETBALCLUB,Dutch,Gullegem,8560.0,West-Vlaanderen,BELGIË
221,514,ZEVENHUIZEN,Dutch,GENT,9000.0,Oost-Vlaanderen,BELGIË
222,515,KJC BAZEL,Dutch,BAZEL,9150.0,Oost-Vlaanderen,BELGIE
223,516,MASS,Dutch,ZWALM - BEERLEGEM,9630.0,Oost-Vlaanderen,BELGIË
224,517,M.P.I. MAASEIK,Dutch,MAASEIK,3680.0,Limburg,BELGIË
225,518,ARUM,Dutch,DILSEN-STOKKEM,3650.0,Limburg,BELGIË
226,521,ONS ERF,Dutch,ST-MICHIELS,8200.0,West-Vlaanderen,BELGIE
227,522,BC WIT-WIT RONSE,Dutch,RONSE,9600.0,Oost-Vlaanderen,BELGIE
228,523,SPELIN WIJCHMAAL,Dutch,PEER,3990.0,Limburg,BELGIË
229,524,AVZK,Dutch,BOOISCHOT,2221.0,Antwerpen,BELGIË
230,525,SABA,Dutch,DEINZE,9800.0,Oost-Vlaanderen,BELGIË
231,527,MIVALTI,Dutch,TIELT,8700.0,West-Vlaanderen,BELGIË
232,528,BLIJDORP BUGGENHOUT,Dutch,BUGGENHOUT,9255.0,Oost-Vlaanderen,BELGIË
233,530,DE HOGE KOUTER,Dutch,KORTRIJK,8500.0,West-Vlaanderen,BELGIË
234,531,OLO-Rotonde VZW,Dutch,BRASSCHAAT,2930.0,Antwerpen,BELGIË
235,532,S.C. VIRO VZW,Dutch,BRUGGE,8200.0,West-Vlaanderen,BELGIË
236,533,VZW FIETS-WANDELCLUB FIT LSA,Dutch,Duffel,2570.0,Antwerpen,Belgie
237,534,LEUVEN AQUATICS vzw,Dutch,Leuven,3000.0,Vlaams Brabant,Belgie
238,535,DE BRANDING,Dutch,KORTRIJK-HEULE,8501.0,West-Vlaanderen,BELGIË
239,536,A.V. LYRA-LIERSE,Dutch,BONHEIDEN,2820.0,Antwerpen,BELGIE
240,537,VZW DE VLEUGELS,Dutch,KLERKEN,8650.0,West-Vlaanderen,BELGIË
241,538,GAVERLAND,Dutch,VURSTE,9890.0,Oost-Vlaanderen,BELGIË
242,539,SMASHING LEUVEN,Dutch,LEUVEN,3001.0,Vlaams Brabant,BELGIE
243,540,KVC 3 LINDEN GENK,Dutch,GENK,3600.0,Limburg,
244,541,KLAVIER,Dutch,MERKSPLAS,2330.0,Antwerpen,BELGIË
245,543,ROZENKRANS,Dutch,OOSTDUINKERKE,8670.0,West-Vlaanderen,BELGIË
246,544,ROYAL GHENT SWIMMING CLUB,Dutch,Melle,9090.0,Oost-Vlaanderen,BELGIE
247,545,ZONNEHOEVE / LIVING+,Dutch,EKE -NAZARETH,9810.0,Oost-Vlaanderen,BELGIË
248,548,G-SPORT VORSELAAR,Dutch,Vorselaar,2290.0,Antwerpen,Belgie
249,550,DE LOVIE,Dutch,POPERINGE,8970.0,West-Vlaanderen,BELGIË
250,551,DE VIERKLAVER,Dutch,Deinze,9850.0,Oost-Vlaanderen,BELGIË
251,552,GEELSE TTC,Dutch,GEEL,2440.0,Antwerpen,BELGIË
252,553,GROENHOVE,Dutch,VURSTE,9890.0,Oost-Vlaanderen,BELGIË
253,554,RECREAS KFC ALKEN,Dutch,WELLEN,3830.0,Limburg,
254,556,'T VOSJE VZW,Dutch,Vilvoorde,1800.0,Vlaams Brabant,BELGIË
255,557,SPORTCLUB TORDALE,Dutch,TORHOUT,8820.0,West-Vlaanderen,BELGIË
256,558,ALTHUS,Dutch,OOSTNIEUWKERKE,8840.0,West-Vlaanderen,BELGIË
257,559,SINT ODA PELT,Dutch,OVERPELT,3900.0,Limburg,BELGIË
258,560,FC MAASLAND NO,Dutch,Rotem,3650.0,Limburg,BELGIË
259,561,DE OEVER,Dutch,WUUSTWEZEL (GOOREIND),2990.0,Antwerpen,BELGIË
260,562,INSPIRANT,Dutch,OOSTDUINKERKE,8670.0,West-Vlaanderen,BELGIË
261,564,TRIANGEL SPORT,Dutch,LOVENDEGEM,9920.0,Oost-Vlaanderen,BELGIË
262,565,VZW KOMPAS,Dutch,Wondelgem,9032.0,Oost-Vlaanderen,Belgie
263,566,DE CLEYNEN BEMPT,Dutch,TIENEN,3300.0,Vlaams Brabant,BELGIË
264,567,OOSTREM,Dutch,HERENT,3020.0,Vlaams Brabant,BELGIË
265,569,TER LINDE,Dutch,DEINZE,9800.0,Oost-Vlaanderen,BELGIË
266,570,PRIMAVERA DAGCENTRUM,Dutch,MERKSEM,2170.0,Antwerpen,BELGIË
267,571,BOOTHUIS,Dutch,KNOKKE-HEIST,8301.0,West-Vlaanderen,
268,572,HAVENZATE,Dutch,VEURNE,8630.0,West-Vlaanderen,BELGIË
269,573,JUDO CLUB MORI-NO-OTOKO,Dutch,VORSELAAR,2290.0,Antwerpen,
270,574,DE VALIER,Dutch,LIEDEKERKE,1770.0,Oost-Vlaanderen,BELGIË
271,575,UBUNTU,Dutch,Zwevegem,8550.0,West-Vlaanderen,BELGIË
272,576,AVALYMPICS  VZW,Dutch,GEEL,2440.0,Antwerpen,BELGIË
273,577,SCHOOL @ WATERKANT,Dutch,GENT,9000.0,Oost-Vlaanderen,
274,578,G-VOETBAL EENDRACHT MECHELEN AAN DE MAAS,Dutch,MAASMECHELEN,3630.0,Limburg,
275,579,SMASH BC,Dutch,HEUSDEN-ZOLDER,3550.0,Limburg,
276,581,ZGEEL,Dutch,Eindhout Laakdal,2430.0,Antwerpen,BELGIË
277,582,LOOISE A.V.,Dutch,GEEL,2440.0,ANTWERPEN,BELGIË
278,583,G-SPORT PAJOTTENLAND,Dutch,GOOIK,1755.0,Vlaams Brabant,BELGIE
279,584,BUSO 'T VURSTJEN,Dutch,EVERGEM,9940.0,Oost-Vlaanderen,
280,585,DUIN EN POLDER,Dutch,DIKSMUIDE,8600.0,West-Vlaanderen,BELGIË
281,586,SODAM,Dutch,BEERLEGEM - ZWALM,9830.0,Oost-Vlaanderen,BELGIË
282,587,SKAR,Dutch,LOVENJOEL,3360.0,Vlaams Brabant,BELGIË
283,588,VOLUIT,Dutch,EVERGEM,9940.0,Oost-Vlaanderen,BELGIË
284,589,DUINHELM,Dutch,OOSTENDE,8400.0,West-Vlaanderen,BELGIË
285,590,MARTINE VAN CAMP,Dutch,MOLENSTEDE-DIEST,3294.0,Vlaams Brabant,BELGIË
286,592,SCHOONDERHAGE,Dutch,POLLARE,9401.0,Oost-Vlaanderen,BELGIË
287,593,SC MOZAIEK,Dutch,OOSTAKKER - GENT,9041.0,Oost-Vlaanderen,BELGIË
288,595,JUNIORSGROEP,Dutch,MERKSEM,2170.0,Antwerpen,BELGIË
289,596,DE BOEG,Dutch,GENT,9000.0,Oost-Vlaanderen,BELGIË
290,597,SPORTSCHUURKE,Dutch,Vurste,9890.0,Oost-Vlaanderen,BELGIË
291,599,ALVINNENBERG,Dutch,HEVERLEE,3001.0,Vlaams Brabant,BELGIË
292,601,HOUTLAND ATLETIEKCLUB VZW G-TEAM ACHILLES,Dutch,Torhout,8820.0,West-Vlaanderen,
293,602,HET BALANSKE,Dutch,TIELT-WINGE,3390.0,Vlaams Brabant,
294,603,KON. JUDO CLUB HASSELT,Dutch,HASSELT,3500.0,Limburg,
295,604,G-BASKET BBC GEEL,Dutch,GEEL,2440.0,Antwerpen,
296,605,KONING-ALBATROS,Dutch,DILBEEK,1700.0,Vlaams Brabant,BELGIË
297,608,HEJMEN,Dutch,LEUVEN,3000.0,Vlaams Brabant,BELGIË
298,609,WIT HUIS,Dutch,LOPPEM,8210.0,West-Vlaanderen,BELGIË
299,610,DE MOLENKREKELS,Dutch,LOKEREN,9160.0,Oost-Vlaanderen,BELGIË
300,611,BLIJDORP DENDERMONDE,Dutch,DENDERMONDE,9200.0,Oost-Vlaanderen,BELGIË
301,614,NIDO,Dutch,HAREN,1130.0,BRUSSEL,
302,615,BUSO DE DAGERAAD KORTESSEM VV,Dutch,KORTESSEM,3720.0,Limburg,BELGIË
303,616,SINT FERDINAND,Dutch,LUMMEN,3560.0,Limburg,BELGIË
304,617,MEKANDERS,Dutch,Turnhout,2300.0,Antwerpen,BELGIË
305,618,ROZEMARIJN,Dutch,KEERBERGEN,3140.0,Vlaams Brabant,BELGIË
306,621,BBC LIONS NIJLEN,Dutch,Antwerpen,2060.0,Antwerpen,Belgium
307,622,HUMIVAL,Dutch,WAARSCHOOT,9950.0,Oost-Vlaanderen,BELGIË
308,624,INOA CAMPUS HANDZAME,Dutch,Roeselare,8800.0,West-Vlaanderen,BELGIË
309,625,DE BRON,Dutch,BEVEREN,9120.0,Oost-Vlaanderen,BELGIË
310,626,RAVELIJN,Dutch,BRUGGE ST.-MICHIELS,8200.0,West-Vlaanderen,BELGIË
311,627,SALIX,Dutch,KLUISBERGEN,9690.0,Oost-Vlaanderen,BELGIË
312,631,BASKETBALCLUB COBRAS,Dutch,SCHOTEN,2900.0,Antwerpen,
313,632,HET ROER,Dutch,HASSELT,3500.0,Limburg,BELGIË
314,633,BA DE BEEMDEN,Dutch,MECHELEN,2800.0,Antwerpen,BELGIË
315,634,WIRIC,Dutch,SINT-TRUIDEN,3800.0,Limburg,BELGIË
316,635,MISPO BALEN,Dutch,BALEN,2490.0,Antwerpen,BELGIË
317,637,HET PUNT,Dutch,BRECHT,2960.0,Antwerpen,BELGIË
318,639,DE ROER ME NIETEN,Dutch,Lummen,3560.0,Vlaams Brabant,BELGIË
319,640,AVALI VZW,Dutch,KOERSEL,3582.0,Limburg,BELGIË
320,642,DE GIEK,Dutch,MAASMECHELEN,3630.0,Limburg,BELGIË
321,643,KRACHT EN GEDULD,Dutch,SINT-NIKLAAS,9100.0,Oost-Vlaanderen,BELGIË
322,644,APOJO,Dutch,AARSCHOT,3200.0,Vlaams Brabant,BELGIË
323,645,SPORTIVIA,Dutch,MALDEGEM,9990.0,Oost-Vlaanderen,BELGIË
324,646,DE POEL,Dutch,ITTERBEEK,1701.0,Vlaams Brabant,BELGIË
325,648,DE NIEUWE BRUG,Dutch,DEURLE,9831.0,Oost-Vlaanderen,BELGIË
326,651,ORANJE,Dutch,SIJSELE,8340.0,West-Vlaanderen,
327,654,KVC WESTERLO,Dutch,WESTERLO,2260.0,Antwerpen,BELGIË
328,656,MOVIMENTO VZW,Dutch,MORTSEL,2640.0,Antwerpen,
329,657,DE VENNEBOWLERS,Dutch,HERENTALS,2200.0,Antwerpen,BELGIË
330,658,DAIS VZW,Dutch,Lennik,1750.0,Vlaams Brabant,BELGIË
331,659,LEVEDALE,Dutch,WOLVERTEM,1861.0,Vlaams Brabant,BELGIË
332,660,DE STEIGER,Dutch,BORNEM,2880.0,Antwerpen,BELGIË
333,661,ROBA,Dutch,Baal,3128.0,Vlaams-Brabant,Belgie
334,663,STB GYMNASTICS BERCHEM,Dutch,Berchem,2600.0,Antwerpen,Belgie
335,664,TANDEM SPORT,Dutch,DIEPENBEEK,3590.0,Limburg,BELGIË
336,665,TAFELTENNISCLUB ZELE VZW,Dutch,ZELE,9240.0,Oost-Vlaanderen,
337,666,CENTRUM THERAPEUTISCH PAARDRIJDEN,Dutch,LANDEN,3400.0,Vlaams Brabant,
338,669,OOSTHEUVEL,Dutch,Genk,3600.0,Limburg,BELGIE
339,670,RAAKZAAM,Dutch,Sint Niklaas,9100.0,Oost-Vlaanderen,BELGIE
340,672,TANDEM  WEST,Dutch,Koksijde,8670.0,West-Vlaanderen,BELGIE
341,673,BUITENBEENTJES,Dutch,SINAAI,9112.0,Oost-Vlaanderen,BELGIE
342,674,DE BUITELAARS,Dutch,EEKLO,9900.0,Oost-Vlaanderen,BELGIE
343,675,'T PERDJE,Dutch,LAAKDAL,2430.0,Antwerpen,BELGIË
344,678,HET PLUIMKE,Dutch,Kinrooi,3640.0,Limburg,
345,680,TC STANDAARD WETTEREN-OCTOPUS MERELBEKE,Dutch,MERELBEKE,9820.0,Oost-Vlaanderen,BELGIE
346,682,DE BORGGRAAF-HASSELT,Dutch,GENK,3600.0,Limburg,BELGIE
347,683,REAL FC BERG,Dutch,NEEROETEREN,3680.0,Limburg,
348,685,HEISTSE TENNISCLUB VZW,Dutch,HALLAAR,2220.0,Antwerpen,
349,686,GT WIMBLEDON,Dutch,WILDEREN,3803.0,Limburg,
350,689,T.C. DE DAGERAAD,Dutch,BEERSE,2340.0,Antwerpen,
351,690,DE SCHELP,Dutch,BRECHT,2960.0,Antwerpen,BELGIE
352,691,DE DIABOLO'S,Dutch,BERCHEM,2600.0,Antwerpen,BELGIE
353,693,'T ATELJEE,Dutch,BOECHOUT,2530.0,Antwerpen,BELGIE
354,694,DE PELIKAAN,Dutch,MENEN,8930.0,West-Vlaanderen,BELGIE
355,695,INDIVIDUALS,Dutch,GENTBRUGGE,9050.0,Oost-Vlaanderen,BELGIE
356,696,TRIANGEL JEUGDSPORT,Dutch,LOVENDEGEM,9920.0,Oost-Vlaanderen,BELGIË
357,697,VONDELS VZW,Dutch,IEPER,8900.0,West-Vlaanderen,BELGIË
358,699,'T VELDZICHT,Dutch,Sint-Kruis Brugge,8310.0,West-Vlaanderen,BELGIE
359,700,ZONNESTRAAL VZW,Dutch,HERFELINGEN,1540.0,Vlaams Brabant,BELGIE
360,703,KABAS,Dutch,DEERLIJK,8540.0,West-Vlaanderen,BELGIE
361,704,G-BASKET LOMMEL,Dutch,LOMMEL,3920.0,Limburg,BELGIE
362,707,KBBC ZOLDER,Dutch,HEUSDEN-ZOLDER,3550.0,Limburg,BELGIË
363,708,KSAV SINT-DIMPNA,Dutch,GEEL,2440.0,Antwerpen,
364,709,BC ASSE TERNAT,Dutch,Ternat,1741.0,Vlaams Brabant,
365,710,KOG-STASEGEM G-VOETBAL,Dutch,Harelbeke-Stasegem,8530.0,West-Vlaanderen,
366,711,G-OMNISPORTCLUB VLAAMSE ARDENNEN,Dutch,Kluisbergen,9690.0,Oost-Vlaanderen,
367,713,JC-GRUITRODE,Dutch,Meeuwen-Gruitrode,3670.0,Limburg,
368,714,UNIFIED SAILING BELGIUM VZW,Dutch,Boechout,2530.0,Antwerpen,
369,715,SOMIVAL VZW,Dutch,WAREGEM,8790.0,West-Vlaanderen,WAREGEM
370,716,BBC GEMBO,Dutch,Antwerpen,2060.0,Antwerpen,
371,718,VZW TENNISCLUB LUMMEN,Dutch,Lummen,3560.0,Limburg,
372,719,DE NISSE,Dutch,Kortrijk,8500.0,West-Vlaanderen,
373,720,KONINKLIJKE LEBBEEKSE ATLETIEKCLUB,Dutch,Lebbeke,9280.0,Oost-Vlaanderen,Belgium
374,721,SPORTCLUB HUIS IN DE STAD VZW,Dutch,Tienen,3300.0,Vlaams Brabant,Belgium
375,722,'T HAVERENHOF VZW,Dutch,Eppegem,1980.0,Vlaams Brabant,
376,723,KORTRIJK SPURS VZW,Dutch,ZWEVEGEM,8550.0,West-Vlaanderen,
377,724,SPINSHUTTLE,Dutch,Dessel,2480.0,ANTWERPEN,
378,725,OSTEND TENNIS CLUB,Dutch,Oostende,8400.0,West-Vlaanderen,
379,727,AC DEINZE,Dutch,Deinze,9800.0,Oost-Vlaanderen,
380,729,2GETHER ON WHEELS,Dutch,Brasschaat,2930.0,Antwerpen,België
381,730,BBC FALCO GENT,Dutch,Gent,9000.0,Oost-Vlaanderen,
382,731,GYMFLEX VZW,Dutch,Mechelen,2800.0,Antwerpen,Belgique
383,732,TERNATSE OMNISPORT VOOR ANDERSVALIDEN,Dutch,WAMBEEK,1741.0,Vlaams Brabant,Belgium
384,733,NET CONNECT CYCLING TEAM,Dutch,Kasterlee,2460.0,Antwerpen,Belgium
385,734,AC HERENTALS,Dutch,Herentals,2200.0,Antwerpen,Belgium
386,735,GEMEENTELIJKE TENNIS TESSENDERLO,Dutch,Laakal,2430.0,Limburg,Belguim
387,736,OKIDO BASKET,Dutch,Arendonk,2370.0,Antwerpen,Belgium
388,738,DALO VZW,Dutch,Lommel,3920.0,Limburg,Belgium
389,740,TER HEIDE,Dutch,Genk,3600.0,Limburg,
390,741,GYM MOL,Dutch,Laakdal,2431.0,Antwerpen,
391,742,NOORDERWIJKSE BADMINTONCLUB,Dutch,NOORDERWIJK,2200.0,Antwerpen,
392,744,OC CIRKANT,Dutch,Aartrijke,8211.0,West-Vlaanderen,
393,745,GENTSE G-DUIVELS,Dutch,Wondelgem,9032.0,Oost-Vlaanderen,België
394,746,A-JUDOCLUB TATAMIVRIENDEN,Dutch,Bazel,9150.0,Oost-Vlaanderen,Belgium
395,747,LOKERSE BADMINTONCLUB,Dutch,Lokeren,9160.0,Oost-Vlaanderen,Belgium
396,748,TTC RECREAS GULLEGEM,Dutch,Rollegem,8510.0,West-Vlaanderen,Belgium
397,749,LIONS TORHOUT,Dutch,Torhout,8820.0,West-Vlaanderen,België
398,750,BALTI SPECIALS KORTRIJK,Dutch,KORTRIJK,8500.0,West-Vlaanderen,Belgie
399,751,WAASLANDSE G-BASKETTERS,Dutch,Burcht,2070.0,Antwerpen,
400,752,GFC SK BEVEREN,Dutch,Elversele,9140.0,Oost-Vlaanderen,Belgie
401,753,EUROSTARS,Dutch,Merksem,2170.0,Antwerpen,Belgie
402,754,NO LIMIT VZW,Dutch,Wilrijk,2610.0,Antwerpen,Belgie
403,755,WAVERSE BADMINTONCLUB,Dutch,Koningshooikt,2500.0,Antwerpen,België
404,756,DE BOOMHUT,Dutch,Boom,2850.0,Antwerpen,Belgie
405,757,ANTWERP CYCLING TEAM KONTICH,Dutch,KONTICH,2550.0,ANTWERPEN,BELGIE
406,758,K.W.T.P.C.,Dutch,Genk,3600.0,Limburg,Belgie
407,759,K SCHELLE SPORT,Dutch,Schelle,2627.0,Antwerpen,Belgie
408,760,BRAXGATA,Dutch,Berchem,2600.0,Antwerpen,Belgie
409,761,ROYAL VICTORY HOCKEY CLUB,Dutch,Antwerpen,2018.0,Antwerpen,Belgie
410,762,HORSE FUN VERBRANDE BRUG,Dutch,Eppegem,1980.0,Vlaams-Brabant,Belgie
411,763,GEELSE KAJAKVAARDERS,Dutch,GEEL,2440.0,Antwerpen,Belgie
412,764,KMTHC,Dutch,Mechelen,2800.0,Antwerpen,Belgie
413,765,KHC DRAGONS vzw,Dutch,Brasschaat,2930.0,Antwerpen,Belgie
414,766,VRIJBROEK HOCKEY CLUB MECHELEN,Dutch,Mechelen,2800.0,,Belgie
415,767,GIDOS,Dutch,Waregem,8790.0,West-Vlaanderen,Belgie
416,768,KONINKLIJKE TURNKRING BOOM,Dutch,Boom,2850.0,Antwerpen,Belgie
417,769,JUDO CLUB LEOPOLDSBURG,Dutch,Leopoldsburg,3971.0,Limburg,Belgie
418,770,BADMINTON WAREGEM,Dutch,Waregem,8790.0,West-Vlaanderen,Belgie
419,771,3MASTER,Dutch,Kasterlee,2460.0,Antwerpen,Belgie
420,772,TURNKRING DEUGD EN MOED EKEREN,Dutch,Ekeren,2180.0,Antwerpen,Belgie
421,773,BOAS,Dutch,Kortrijk,8500.0,West-Vlaanderen,Belgie
422,774,SwimAcad,Dutch,Gent,9000.0,Oost-Vlaanderen,Belgie
423,775,MANEGE DENNENHOF,Dutch,Landegem,9850.0,Oost Vlaanderen,Belgie
424,776,K. SPORTING WIJCHMAAL,Dutch,Peer,3990.0,,
425,777,CITY PIRATES,Dutch,Merksem,2170.0,Antwerpen,
426,778,BELOEGA FIT,Dutch,Herent,3020.0,Vlaams Brabant,Belgie
427,779,Ruitersclub Domein Leiedal,Dutch,Bissegem,8501.0,West- Vlaanderen,Belgie
428,780,BASKET DESSELGEM,Dutch,Waregem,8791.0,West-Vlaanderen,Belgie
429,781,ESSENSE TENNISCLUB INTER,Dutch,Essen,2910.0,Antwerpen,Belgie
430,782,Sportgroep Vaste Vuist Lauwe,Dutch,Lauwe,8930.0,West-Vlaanderen,Belgie
431,783,KIDS HASSELT,Dutch,Hasselt,3500.0,Limburg,Belgie
432,784,KONINKLIJKE HOCKEYCLUB BRUGGE,Dutch,Brugge,8200.0,West-Vlaanderen,Belgie
433,785,G-VOETBAL KORTRIJK,Dutch,KORTRIJK,8500.0,West-Vlaanderen,Belgïe
434,786,KHC SAINT-GEORGES,Dutch,KORTRIJK,8500.0,Belgie,West-Vlaanderen
435,787,ATHLETES FOR HOPE,Dutch,WUUSTWEZEL,29900.0,Antwerpen,Belgïum
436,788,HERK-SPORT,Dutch,Hasselt,3500.0,Limburg,Belgie
